85	3-Deazauridine
526	Acute Pain
1714	Antibody Specificity
1908	Aortic Aneurysm, Abdominal
2684	Balaenoptera
3155	Blastocyst Inner Cell Mass
4107	Carcinoma, Lobular
4126	Cardia
5778	Complement C3 Convertase, Alternative Pathway
6041	Cordyceps
6055	Cornea
6459	Cyclin C
7211	Depression
7332	Diabetes Mellitus, Type 1
7655	Diphosphates
8438	Emergency Medical Service Communication Systems
9130	Ethylenes
9508	Fatty Acid Desaturases
9587	Fenfluramine
9613	Fertile Period
9852	Fluorescamine
10004	Forefoot, Human
11834	Hematuria
12390	Hospitals, County
12973	Immunoglobulin Fc Fragments
13157	Infectious Disease Transmission, Professional-to-Patient
13447	Interleukin-10 Receptor alpha Subunit
13604	Introduced Species
14132	Labor, Induced
14803	Liver Diseases
15544	Medical Audit
15673	Melibiose
16188	Microvilli
16394	Moldova
16423	Molineoidae
16797	Mycobacterium tuberculosis
17702	Nitrous Oxide
18537	Osteonecrosis
18734	Pactamycin
19828	Phrenic Nerve
19882	Physician-Patient Relations
20667	Pregabalin
21565	Pyrularia
21638	Quinolinic Acid
22400	Refusal to Treat
22697	Return to Work
24260	Specialty Boards
25907	Tonsillectomy
26785	Urologic Surgical Procedures
27802	beta 2-Microglobulin
