,	O
peroxide	I-Anions, Chemicals and Drugs, Electrolytes, Free Radicals, Hydrogen Peroxide, Inorganic Chemicals, Ions, Organic Chemicals, Oxides, Oxygen Compounds, Peroxides, Reactive Oxygen Species
4	O
neural	O
perform	O
To	O
CI	O
accidental	O
.	O
Findings	O
improved	O
lt	O
density	O
ENERGI-F706	O
on	O
acinary	O
by	O
of	O
.	O
cyst	O
overexpression	O
identify	O
studies	O
Ecosystem	O
total	O
sites	O
graphene	O
Hepcidin	O
?	O
,	O
The	O
applied	O
time	O
care	O
ICU	O
and	O
(	O
to	O
intercalation	O
the	O
may	O
networks	O
xenograft	O
teasing	O
Streptomyces	B-Actinobacteria, Actinomycetales, Bacteria, Endospore-Forming Bacteria, Gram-Positive Bacteria, Gram-Positive Endospore-Forming Bacteria, Gram-Positive Endospore-Forming Rods, Gram-Positive Rods, Organisms, Streptomyces, Streptomyces coelicolor, Streptomycetaceae
on	O
distribution	O
detached	O
placebo	O
the	O
suggest	O
retrieval	O
nucleotide	B-Entity, Physical Object, Substance, Chemical, Chemical Viewed Structurally, Organic Chemical, Nucleic Acid, Nucleoside, or Nucleotide	I-Phenomena and Processes, Genetic Phenomena, Genetic Variation, Polymorphism, Genetic, Polymorphism, Single Nucleotide
BRCA1	O
.	O
levels	O
that	O
the	O
.	O
cascade	O
over	O
then	O
(	O
after	O
with	O
CrkL	O
of	O
erosion	O
the	O
unique	O
include	O
of	O
catla	O
,	O
chemicals	O
necessary	O
that	O
single-center	O
es	O
statistically	O
&	O
create	O
in	O
of	O
being	O
'	O
(	O
Cladosporium	B-Organisms, Eukaryota, Fungi, Mitosporic Fungi, Cladosporium
.	O
was	O
tyrosine	O
.	O
the	O
(	O
the	O
systems	O
Physician	O
)	O
dsDNA	O
a	O
The	O
58-year-old	O
functional	O
OR	O
inlet	O
)	O
modification	O
use	O
the	O
distinguished	O
enantioselective	O
tdelay	O
,	O
points	O
a	O
of	O
We	O
evidence	O
.	O
meta-analysis	B-Publication Characteristics, Study Characteristics, Meta-Analysis
be	O
by	O
was	O
cell	B-Entity, Physical Object, Anatomical Structure, Fully Formed Anatomical Structure, Cell
We	O
P2	O
no	O
disorder	O
widely	O
for	O
the	O
are	O
refractory	O
hot	B-Diseases, Pathological Conditions, Signs and Symptoms, Signs and Symptoms, Hot Flashes
variables	O
)	O
persistence	O
the	O
pigs	O
and	O
were	O
boundary	O
common	O
of	O
direction	O
functions	O
and	O
out-patient	O
an	O
evaluation	O
a	O
mass	I-Analytical, Diagnostic and Therapeutic Techniques, and Equipment, Anthropometry, Biometry, Body Constitution, Body Mass Index, Body Weights and Measures, Diagnosis, Diagnostic Techniques and Procedures, Environment and Public Health, Epidemiologic Measurements, Health Care, Investigative Techniques, Phenomena and Processes, Physical Examination, Physiological Phenomena, Public Health
HD	O
of	O
,	O
follow-up	O
the	O
.	O
indicated	O
by	O
for	O
,	O
%	O
,	O
in	O
nutrients	O
;	O
very	O
nanoflake-based	O
,	O
95.5	O
according	O
treatment	O
high	O
processing	O
and	O
higher	O
Further	O
the	O
cohort	O
Local	O
a	O
)	O
tended	O
The	O
.	O
with	O
site	O
initiated	O
case	O
delays	O
ratings	O
is	O
in	O
test	I-Analytical, Diagnostic and Therapeutic Techniques, and Equipment, Blood Chemical Analysis, Clinical Chemistry Tests, Clinical Laboratory Techniques, Diagnosis, Diagnostic Techniques and Procedures, Diagnostic Techniques, Endocrine, Glucose Tolerance Test, Investigative Techniques
low	O
oxidation	O
and	O
of	O
communities	O
